CoinName,CoinID,myCoins
BTC,1,0.002694
ETH,1027,0.02101
BNB,1839,0.0852
XRP,52,78.59
ADA,2010,47.9
SOL,5426,0.544
DOGE,74,185.9
DOT,6636,1.6
MATIC,3890,11.56
SHIB,5994,721000
AVAX,5805,0.43
UNI,7083,1.06
ETC,1321,0.249
LTC,2,0.112
ATOM,3794,0.5
NEAR,6535,1.34
LINK,1975,0.82
CRO,3635,48.47
XLM,512,43.2
FLOW,4558,2.1
VET,3077,164.4
